,word,count,sentiment
0,great,13274,positive
1,place,7678,positive
2,nice,6963,positive
3,location,6910,positive
4,host,5558,positive
5,clean,5483,positive
6,perfect,4501,positive
7,stay,4355,positive
8,beautiful,3859,positive
9,apament,3797,positive
10,recommend,3775,positive
11,good,3483,positive
12,amazing,3350,positive
13,lovely,2802,positive
14,helpful,2629,positive
15,everything,2587,positive
16,view,2585,positive
17,friendly,2380,positive
18,super,2229,positive
19,house,2212,positive
20,wonderful,2185,positive
21,hosts,1749,positive
22,well,1729,positive
23,comfoable,1651,positive
24,recommended,1428,positive
25,excellent,1418,positive
26,kind,1351,positive
27,communication,1152,positive
28,villa,1151,positive
29,fantastic,1116,positive
30,time,1090,positive
31,best,1037,positive
32,all,1001,positive
33,room,941,positive
34,beach,871,positive
35,pool,871,positive
36,easy,859,positive
37,hospitality,819,positive
38,loved,807,positive
39,enjoyed,795,positive
40,value,794,positive
41,welcoming,778,positive
42,located,770,positive
43,views,743,positive
44,close,740,positive
45,quiet,699,positive
46,people,659,positive
47,welcome,616,positive
48,equipped,606,positive
49,chania,574,positive
50,flat,544,positive
51,spacious,535,positive
52,family,523,positive
53,holiday,508,positive
54,awesome,507,positive
55,its,501,positive
56,experience,499,positive
57,home,495,positive
58,balcony,486,positive
59,area,484,positive
60,warm,473,positive
61,town,457,positive
62,sea,432,positive
63,money,428,positive
64,relaxing,414,positive
65,village,413,positive
66,space,413,positive
67,appament,407,positive
68,terrace,398,positive
69,little,394,positive
70,accommodation,393,positive
71,crete,391,positive
72,near,382,positive
73,peaceful,381,positive
74,need,374,positive
75,old,373,positive
76,responsive,370,positive
77,airbnb,367,positive
78,staying,358,positive
79,cozy,358,positive
80,she,354,positive
81,such,349,positive
82,garden,341,positive
83,always,340,positive
84,restaurants,337,positive
85,service,335,positive
86,modern,334,positive
87,city,327,positive
88,love,326,positive
89,maria,326,positive
90,cute,322,positive
91,perfectly,316,positive
92,spot,309,positive
93,staff,305,positive
94,enjoy,304,positive
95,charming,302,positive
96,stunning,300,positive
97,his,299,positive
98,beaches,298,positive
99,pleasant,298,positive
100,owner,292,positive
101,better,291,positive
102,help,291,positive
103,they,285,positive
104,price,285,positive
105,he,281,positive
106,extremely,275,positive
107,relax,275,positive
108,food,267,positive
109,appaement,265,positive
110,made,263,positive
111,more,261,positive
112,central,260,positive
113,bed,259,positive
114,only,258,positive
115,top,256,positive
116,no,256,positive
117,center,251,positive
118,small,250,positive
119,calm,245,positive
120,out,245,positive
121,big,242,positive
122,ever,241,positive
123,check,240,positive
124,visit,240,positive
125,rooms,238,positive
126,next,235,positive
127,studio,232,positive
128,local,228,positive
129,totally,221,positive
130,sure,221,positive
131,could,219,positive
132,go,218,positive
133,amenities,215,positive
134,night,215,positive
135,every,214,positive
136,holidays,211,positive
137,breakfast,210,positive
138,propey,210,positive
139,stylish,208,positive
140,fabulous,207,positive
141,most,206,positive
142,tips,205,positive
143,many,201,positive
144,gorgeous,201,positive
145,around,196,positive
146,outstanding,192,positive
147,kitchen,191,positive
148,superb,187,positive
149,cosy,187,positive
150,hotel,185,positive
151,decorated,184,positive
152,vacation,183,positive
153,right,178,positive
154,strongly,178,positive
155,stayed,177,positive
156,pictures,176,positive
157,recommendations,175,positive
158,happy,172,positive
159,walk,172,positive
160,bad,172,negative
161,owners,170,positive
162,delicious,170,positive
163,needed,169,positive
164,felt,168,positive
165,after,168,positive
166,apaments,166,positive
167,convenient,164,positive
168,ideal,164,positive
169,person,163,positive
170,away,162,positive
171,want,162,positive
172,friends,162,positive
173,feel,161,positive
174,beds,160,positive
175,sweet,159,positive
176,new,158,positive
177,fully,157,positive
178,gave,157,positive
179,day,157,positive
180,get,156,positive
181,restaurant,156,positive
182,two,155,positive
183,thoughtful,154,positive
184,pretty,154,positive
185,everyone,153,positive
186,hope,153,positive
187,any,153,positive
188,available,151,positive
189,cool,150,positive
190,special,149,positive
191,car,147,positive
192,quick,146,positive
193,care,144,positive
194,truly,144,positive
195,lots,143,positive
196,beautifully,143,positive
197,days,143,positive
198,swimming,142,positive
199,nearby,142,positive
200,private,142,positive
201,nikos,140,positive
202,parking,139,positive
203,water,137,positive
204,facilities,137,positive
205,week,136,positive
206,do,136,positive
207,quite,136,positive
208,anyone,134,positive
209,george,134,positive
210,shower,133,positive
211,couldnt,132,positive
212,because,131,positive
213,generous,131,positive
214,places,128,positive
215,walking,128,positive
216,accommodating,128,positive
217,overall,127,positive
218,hostess,127,positive
219,return,126,positive
220,welcomed,126,positive
221,fine,126,positive
222,exactly,125,positive
223,other,125,positive
224,bathroom,125,positive
225,hospitable,125,positive
226,trip,124,positive
227,caring,123,positive
228,find,123,positive
229,up,122,positive
230,sparkling,121,positive
231,distance,120,positive
232,make,119,positive
233,manolis,118,positive
234,checkin,117,positive
235,did,115,positive
236,didnt,115,positive
237,air,115,positive
238,incredible,114,positive
239,over,113,positive
240,comfy,113,positive
241,ready,111,positive
242,few,109,positive
243,position,109,positive
244,far,108,positive
245,outside,108,positive
246,full,107,positive
247,wifi,106,positive
248,expected,106,positive
249,accomodation,105,positive
250,brilliant,105,positive
251,situated,105,positive
252,touches,104,positive
253,furnished,104,positive
254,large,104,positive
255,flexible,104,positive
256,see,103,positive
257,way,102,positive
258,bhe,101,positive
259,fresh,101,positive
260,dont,101,positive
261,ok,101,positive
262,roof,100,positive
263,nicely,100,positive
264,atmosphere,99,positive
265,guests,99,positive
266,breathtaking,98,positive
267,tidy,97,positive
268,especially,97,positive
269,their,96,positive
270,simply,96,positive
271,manos,96,positive
272,minutes,95,positive
273,katerina,95,positive
274,spent,93,positive
275,attentive,92,positive
276,wish,92,positive
277,access,92,positive
278,pleasure,92,positive
279,door,91,positive
280,fast,91,positive
281,enough,91,positive
282,arrival,91,positive
283,outdoor,90,positive
284,simple,90,positive
285,described,90,positive
286,street,89,positive
287,choice,88,positive
288,sunset,88,positive
289,brwe,87,positive
290,huge,87,positive
291,centre,87,positive
292,dimitris,87,positive
293,book,86,positive
294,giannis,86,positive
295,explore,86,positive
296,never,86,positive
297,hea,85,positive
298,design,85,positive
299,couple,85,positive
300,photos,84,positive
301,relaxed,84,positive
302,cant,84,positive
303,looking,83,positive
304,during,82,positive
305,spend,82,positive
306,soon,80,positive
307,incredibly,80,positive
308,rooftop,79,positive
309,nature,78,positive
310,bit,77,positive
311,without,77,positive
312,warmly,77,positive
313,left,75,positive
314,contact,75,positive
315,greek,75,positive
316,whole,75,positive
317,things,75,positive
318,looks,75,positive
319,kids,74,positive
320,having,74,positive
321,nothing,74,negative
322,asked,73,positive
323,inside,73,positive
324,setting,73,positive
325,bright,73,positive
326,liked,72,positive
327,families,72,positive
328,them,72,positive
329,first,71,positive
330,kindness,71,positive
331,cretan,70,positive
332,mountains,70,positive
333,arrived,70,positive
334,paradise,70,positive
335,hot,70,positive
336,traditional,70,positive
337,taverna,69,positive
338,anything,68,positive
339,airpo,68,positive
340,tavernas,68,positive
341,surroundings,68,positive
342,real,68,positive
343,island,68,positive
344,longer,68,positive
345,shops,67,positive
346,before,67,positive
347,equiped,67,positive
348,magnificent,67,positive
349,eleni,67,positive
350,exploring,67,positive
351,communicative,67,positive
352,use,67,positive
353,neighborhood,67,positive
354,communicate,66,positive
355,polite,65,positive
356,nights,65,positive
357,visiting,65,positive
358,cleaning,65,positive
359,drive,65,positive
360,reach,64,positive
361,worst,64,negative
362,details,63,positive
363,stars,63,positive
364,appreciated,62,positive
365,clear,62,positive
366,stelios,62,positive
367,advice,61,positive
368,work,61,positive
369,ask,61,positive
370,marias,61,positive
371,free,61,positive
372,recommand,60,positive
373,him,60,positive
374,recommendation,59,positive
375,sleep,59,positive
376,authentic,59,positive
377,designed,59,positive
378,quality,58,positive
379,antonis,58,positive
380,wine,57,positive
381,lady,57,positive
382,helpfull,57,positive
383,environment,57,positive
384,recommendable,56,positive
385,questions,56,positive
386,base,56,positive
387,down,56,positive
388,thoroughly,56,positive
389,wife,56,positive
390,front,55,positive
391,minute,55,positive
392,brand,54,positive
393,group,53,positive
394,rest,53,positive
395,interior,53,positive
396,leave,53,positive
397,enjoyable,52,positive
398,bus,52,positive
399,kostas,52,positive
400,patio,52,positive
401,min,51,positive
402,though,51,positive
403,bedroom,51,positive
404,then,51,positive
405,equipment,50,positive
406,sunsets,50,positive
407,say,50,positive
408,into,50,positive
409,booked,50,positive
410,another,50,positive
411,suppo,50,positive
412,basic,50,positive
413,high,49,positive
414,needs,49,positive
415,style,49,positive
416,giorgos,49,positive
417,response,48,positive
418,coming,48,positive
419,eva,48,positive
420,smell,48,positive
421,within,48,positive
422,throughout,48,positive
423,easily,48,positive
424,worked,48,positive
425,off,48,positive
426,furniture,47,positive
427,ocean,47,positive
428,michalis,47,positive
429,privacy,47,positive
430,booking,47,positive
431,mother,46,positive
432,neat,46,positive
433,living,46,positive
434,decoration,46,positive
435,comfo,46,positive
436,terrible,46,positive
437,sta,46,positive
438,1,46,positive
439,interesting,46,positive
440,guy,46,positive
441,long,46,positive
442,peace,45,positive
443,maintained,45,positive
444,greece,45,positive
445,true,45,positive
446,wanted,45,positive
447,completely,45,positive
448,while,44,positive
449,adveised,44,positive
450,gracious,44,positive
451,unique,44,positive
452,etc,44,positive
453,lefteris,44,positive
454,renovated,44,positive
455,thought,44,positive
456,confoable,44,positive
457,wow,43,positive
458,olive,43,positive
459,surrounding,43,positive
460,kept,43,positive
461,friend,43,positive
462,ceainly,43,positive
463,hosting,43,positive
464,reception,43,positive
465,plenty,43,positive
466,description,43,positive
467,terrasse,42,positive
468,condition,42,positive
469,romantic,42,positive
470,makes,42,positive
471,making,42,positive
472,weve,41,positive
473,middle,41,positive
474,everywhere,41,positive
475,mountain,41,positive
476,positive,41,positive
477,working,41,positive
478,professional,41,positive
479,anna,40,positive
480,late,40,positive
481,reactive,40,positive
482,coffee,40,positive
483,bay,40,positive
484,getaway,39,positive
485,fun,39,positive
486,team,39,positive
487,spectacular,39,positive
488,bonus,39,positive
489,husband,39,positive
490,jacuzzi,39,positive
491,second,39,positive
492,couples,38,positive
493,attention,38,positive
494,conditioning,38,positive
495,wasnt,38,positive
496,am,38,positive
497,doesnt,38,positive
498,life,38,positive
499,windows,38,positive
500,same,38,positive
501,advices,38,positive
502,overlooking,38,positive
503,secluded,37,positive
504,mary,37,positive
505,expect,37,positive
506,centrally,37,positive
507,moment,37,positive
508,above,37,positive
509,christina,37,positive
510,eirini,37,positive
511,received,37,positive
512,dream,37,positive
513,between,37,positive
514,terrific,37,positive
515,accommodations,37,positive
516,placed,36,positive
517,quickly,36,positive
518,fridge,36,positive
519,appointed,36,positive
520,gentle,36,positive
521,organized,36,positive
522,something,36,positive
523,think,36,positive
524,through,36,positive
525,cannot,35,positive
526,wait,35,positive
527,andreas,35,positive
528,chill,35,positive
529,internet,35,positive
530,spotless,35,positive
531,christos,35,positive
532,met,35,positive
533,villas,35,positive
534,point,35,positive
535,apaament,34,positive
536,homemade,34,positive
537,raki,34,positive
538,offered,34,positive
539,problem,34,positive
540,already,34,positive
541,wonderfully,34,positive
542,satisfied,34,positive
543,however,34,positive
544,light,34,positive
545,children,34,positive
546,know,34,positive
547,exceptional,34,positive
548,answer,33,positive
549,sunny,33,positive
550,enjoying,33,positive
551,actually,33,positive
552,bnb,33,positive
553,look,33,negative
554,does,33,positive
555,end,33,positive
556,delightful,33,positive
557,meet,33,positive
558,must,33,positive
559,guest,33,positive
560,someone,33,positive
561,eat,33,positive
562,gift,32,positive
563,different,32,positive
564,looked,32,positive
565,landscape,32,positive
566,adorable,32,positive
567,machine,32,positive
568,directly,32,positive
569,sofia,32,positive
570,cleanliness,32,positive
571,last,32,positive
572,u,31,positive
573,gem,31,positive
574,giving,31,positive
575,surely,31,positive
576,issues,31,positive
577,vasilis,31,positive
578,hand,31,positive
579,ioannis,31,positive
580,five,30,positive
581,yet,30,positive
582,evening,30,positive
583,run,30,positive
584,hours,30,positive
585,others,30,positive
586,attractions,30,positive
587,shared,30,positive
588,energy,30,positive
589,try,29,positive
590,summer,29,positive
591,georgios,29,positive
592,everybody,29,positive
593,cottage,29,positive
594,stuff,29,positive
595,touch,29,positive
596,respond,29,positive
597,weather,29,positive
598,charm,29,positive
599,functional,29,positive
600,brhighly,29,positive
601,size,29,positive
602,15,29,positive
603,road,28,positive
604,deal,28,positive
605,fruit,28,positive
606,remote,28,positive
607,tavern,28,positive
608,used,28,positive
609,almost,28,positive
610,bhank,28,positive
611,seaview,28,positive
612,beyond,28,positive
613,travel,28,positive
614,possible,28,positive
615,locals,28,positive
616,yannis,28,positive
617,feeling,28,positive
618,tranquil,27,positive
619,exceptionally,27,positive
620,dog,27,positive
621,trees,27,positive
622,prepared,27,positive
623,natural,27,positive
624,seen,27,positive
625,accessible,27,positive
626,yard,27,positive
627,tiny,27,positive
628,georgia,27,positive
629,konstantinos,27,positive
630,brbhe,27,positive
631,magical,27,positive
632,hesitation,26,positive
633,lively,26,positive
634,sit,26,positive
635,treats,26,positive
636,detail,26,positive
637,parents,26,positive
638,cake,26,positive
639,since,26,positive
640,until,26,positive
641,offer,26,positive
642,washing,26,positive
643,window,26,positive
644,plus,26,positive
645,wonderfull,26,positive
646,now,26,positive
647,mins,26,positive
648,conditions,26,positive
649,future,26,positive
650,id,26,positive
651,stocked,26,positive
652,hesitate,25,positive
653,dimitri,25,positive
654,okay,25,positive
655,organised,25,positive
656,called,25,positive
657,picturesque,25,positive
658,cook,25,positive
659,fruits,24,positive
660,surrounded,24,positive
661,helping,24,positive
662,miss,24,positive
663,sun,24,positive
664,wellequipped,24,positive
665,across,24,positive
666,woman,24,positive
667,downstairs,24,positive
668,gifts,24,positive
669,smooth,24,positive
670,agios,24,positive
671,works,24,positive
672,paid,24,positive
673,own,24,positive
674,suppoive,24,positive
675,taking,23,positive
676,supermarket,23,positive
677,splendid,23,positive
678,due,23,positive
679,put,23,positive
680,maybe,23,positive
681,impoant,23,positive
682,strong,23,positive
683,bhanks,23,positive
684,rent,23,positive
685,decor,23,positive
686,beauty,23,positive
687,retreat,23,positive
688,tried,23,positive
689,reviews,23,positive
690,unforgettable,23,positive
691,regards,23,positive
692,west,23,positive
693,english,23,positive
694,brwould,22,positive
695,considerate,22,positive
696,greeted,22,positive
697,talk,22,positive
698,extraordinary,22,positive
699,please,22,positive
700,single,22,positive
701,site,22,positive
702,set,22,positive
703,might,22,positive
704,years,22,positive
705,dinner,22,positive
706,georges,22,positive
707,keep,22,positive
708,luxurious,22,positive
709,refund,22,positive
710,recomended,22,positive
711,nicest,22,positive
712,persons,22,positive
713,feels,22,positive
714,accurate,22,positive
715,elafonisi,22,positive
716,young,22,positive
717,cold,21,positive
718,entire,21,positive
719,neighbors,21,positive
720,tub,21,positive
721,several,21,positive
722,relaxation,21,positive
723,review,21,negative
724,done,21,positive
725,marina,21,positive
726,address,21,positive
727,live,21,positive
728,spaces,21,positive
729,problems,21,positive
730,vibe,21,positive
731,cats,21,positive
732,dogs,21,positive
733,scenery,21,positive
734,experiences,21,positive
735,theres,21,positive
736,later,21,positive
737,meters,20,positive
738,recomend,20,positive
739,weekend,20,positive
740,probably,20,positive
741,forward,20,positive
742,weeks,20,positive
743,complete,20,positive
744,agia,20,positive
745,dimitra,20,positive
746,wrong,20,positive
747,absolute,20,positive
748,guys,20,positive
749,checking,20,positive
750,eating,20,positive
751,countryside,19,positive
752,homely,19,positive
753,products,19,positive
754,oil,19,positive
755,provide,19,positive
756,each,19,positive
757,brbrwe,19,positive
758,stop,19,positive
759,smiling,19,positive
760,surprised,19,positive
761,answered,19,positive
762,doing,19,positive
763,7,19,positive
764,why,19,positive
765,pillows,18,positive
766,hopefully,18,positive
767,matala,18,positive
768,immediately,18,positive
769,round,18,positive
770,indeed,18,positive
771,offers,18,positive
772,bathrooms,18,positive
773,western,18,positive
774,mold,18,positive
775,wont,18,positive
776,luxury,18,positive
777,generosity,18,positive
778,understanding,18,positive
779,general,17,positive
780,sophia,17,positive
781,pleased,17,positive
782,piece,17,positive
783,under,17,positive
784,trips,17,positive
785,sound,17,positive
786,per,17,negative
787,shopping,17,positive
788,returning,17,positive
789,deck,17,positive
790,loud,17,positive
791,although,17,positive
792,6,17,positive
793,sitting,17,positive
794,taste,17,positive
795,attentions,17,positive
796,change,17,positive
797,travelers,17,positive
798,taken,17,positive
799,number,17,positive
800,anastasia,17,positive
801,neighbours,17,positive
802,comfos,17,positive
803,loft,17,positive
804,airy,16,positive
805,appaments,16,positive
806,reliable,16,positive
807,rethymnon,16,positive
808,bugs,16,positive
809,escape,16,positive
810,marvelous,16,positive
811,heater,16,positive
812,reccomend,16,positive
813,thomas,16,positive
814,getting,16,positive
815,greatly,16,positive
816,gardens,16,positive
817,sink,16,positive
818,airbnbs,16,positive
819,word,16,positive
820,realy,16,positive
821,instructions,16,positive
822,wed,16,positive
823,message,16,positive
824,fuher,16,positive
825,gladly,16,positive
826,fix,16,positive
827,father,15,positive
828,aris,15,positive
829,watch,15,positive
830,nick,15,positive
831,coueous,15,positive
832,connection,15,positive
833,heaven,15,positive
834,trying,15,positive
835,below,15,positive
836,suitable,15,positive
837,haris,15,positive
838,previous,15,positive
839,paleochora,15,positive
840,advise,15,positive
841,marianna,15,positive
842,management,15,positive
843,coast,15,positive
844,turned,15,positive
845,supermarkets,15,positive
846,daughter,15,positive
847,order,15,positive
848,hear,15,positive
849,hiking,15,positive
850,journey,15,positive
851,informative,15,positive
852,cooking,15,positive
853,standard,15,positive
854,driving,14,positive
855,case,14,positive
856,typical,14,positive
857,world,14,positive
858,sorry,14,positive
859,shown,14,positive
860,company,14,positive
861,vibes,14,positive
862,highlight,14,positive
863,heated,14,positive
864,greatest,14,positive
865,unbelievable,14,positive
866,call,14,positive
867,therefore,14,positive
868,oppounity,14,positive
869,panagiotis,14,positive
870,activities,14,positive
871,issue,14,positive
872,lovers,14,positive
873,delight,14,positive
874,beautifull,14,positive
875,tasty,14,positive
876,brother,14,positive
877,bath,14,positive
878,cooked,14,positive
879,definately,14,positive
880,least,14,positive
881,ratio,14,positive
882,responded,14,positive
883,saying,14,positive
884,mike,13,positive
885,foot,13,positive
886,speak,13,positive
887,loves,13,positive
888,flowers,13,positive
889,behind,13,positive
890,south,13,positive
891,remarkable,13,positive
892,paper,13,positive
893,answers,13,positive
894,farm,13,positive
895,original,13,positive
896,presented,13,positive
897,pantelis,13,positive
898,fact,13,positive
899,reasonable,13,positive
900,communicated,13,positive
901,paicularly,13,positive
902,dark,13,positive
903,brbri,13,positive
904,popi,13,positive
905,jenny,13,positive
906,wood,13,positive
907,panos,13,positive
908,baby,13,positive
909,except,13,positive
910,emmanuel,13,positive
911,ourselves,12,positive
912,tell,12,positive
913,residence,12,positive
914,restful,12,positive
915,cafe,12,positive
916,phone,12,positive
917,couch,12,positive
918,absolutly,12,positive
919,straight,12,positive
920,locations,12,positive
921,sharing,12,positive
922,slow,12,positive
923,drink,12,positive
924,verry,12,positive
925,month,12,positive
926,decided,12,positive
927,grounds,12,positive
928,warmth,12,positive
929,upstairs,12,positive
930,app,12,negative
931,grateful,12,positive
932,badly,12,positive
933,d,12,positive
934,proximity,12,positive
935,newly,12,positive
936,explained,12,positive
937,solution,12,positive
938,rena,12,positive
939,surprises,12,positive
940,country,12,positive
941,job,11,positive
942,bakery,11,positive
943,class,11,positive
944,humidity,11,positive
945,conveniently,11,positive
946,staed,11,positive
947,move,11,positive
948,keys,11,positive
949,villages,11,positive
950,glad,11,positive
951,myself,11,positive
952,either,11,positive
953,informed,11,positive
954,directions,11,positive
955,katerinas,11,positive
956,sincerely,11,positive
957,together,11,positive
958,panoramic,11,positive
959,loads,11,positive
960,studios,11,positive
961,shes,11,positive
962,hoped,11,positive
963,definetly,11,positive
964,region,11,positive
965,difficult,11,positive
966,brperfect,11,positive
967,inviting,11,positive
968,ended,11,positive
969,rustic,11,positive
970,olga,11,positive
971,finish,11,positive
972,expensive,11,positive
973,communications,11,positive
974,november,11,positive
975,chairs,11,positive
976,perfekt,11,positive
977,definitly,11,positive
978,sites,11,positive
979,silence,11,positive
980,refused,10,positive
981,pack,10,positive
982,vegetables,10,positive
983,brits,10,positive
984,forget,10,positive
985,system,10,positive
986,inspiring,10,positive
987,walked,10,positive
988,silent,10,positive
989,multiple,10,positive
990,reservation,10,positive
991,scam,10,positive
992,glass,10,positive
993,despoina,10,positive
994,everythings,10,positive
995,direct,10,positive
996,impossible,10,positive
997,orange,10,positive
998,question,10,positive
999,decorations,10,positive
1000,complained,10,positive
1001,options,10,positive
1002,among,10,positive
1003,waiting,10,positive
1004,hostbrwe,10,positive
1005,qualityprice,10,positive
1006,cancel,10,positive
1007,terraces,10,positive
1008,clearly,10,positive
1009,somewhere,10,positive
1010,loving,10,positive
1011,meal,10,positive
1012,paying,9,positive
1013,walks,9,positive
1014,gorge,9,positive
1015,eager,9,positive
1016,spirit,9,positive
1017,whatever,9,positive
1018,seems,9,positive
1019,unexpected,9,positive
1020,sunshine,9,positive
1021,breakfasts,9,positive
1022,impressive,9,positive
1023,prices,9,positive
1024,arrive,9,positive
1025,mihalis,9,positive
1026,regarding,9,positive
1027,complex,9,positive
1028,horrible,9,positive
1029,di,9,positive
1030,plants,9,positive
1031,couyard,9,positive
1032,heat,9,positive
1033,planning,9,positive
1034,babis,9,positive
1035,staing,9,positive
1036,pressure,9,positive
1037,via,9,positive
1038,nina,9,positive
1039,winter,9,positive
1040,square,9,positive
1041,knowledgeable,9,positive
1042,houses,8,positive
1043,electric,8,positive
1044,realized,8,positive
1045,tasteful,8,positive
1046,rural,8,positive
1047,elafonissi,8,positive
1048,heabeat,8,positive
1049,cutest,8,positive
1050,moreover,8,positive
1051,thoughtfully,8,positive
1052,note,8,positive
1053,community,8,positive
1054,serene,8,positive
1055,higly,8,positive
1056,sunbeds,8,positive
1057,music,8,positive
1058,planned,8,positive
1059,showers,8,positive
1060,indoor,8,positive
1061,animals,8,positive
1062,tranquility,8,positive
1063,astonishing,8,positive
1064,lost,8,positive
1065,mention,8,positive
1066,helpfully,8,positive
1067,warmheaed,8,positive
1068,crowds,8,positive
1069,info,8,positive
1070,respect,8,positive
1071,fish,8,positive
1072,mum,8,positive
1073,letting,8,positive
1074,justice,8,positive
1075,pure,8,positive
1076,unwind,8,positive
1077,hang,8,positive
1078,finished,8,positive
1079,swim,8,positive
1080,quirky,8,positive
1081,venue,8,positive
1082,till,8,positive
1083,waited,8,positive
1084,chance,8,positive
1085,respectful,8,positive
1086,excelent,8,positive
1087,arriving,8,positive
1088,knew,8,positive
1089,cheese,8,positive
1090,hills,8,positive
1091,magic,8,positive
1092,unbeatable,8,positive
1093,idyllic,7,positive
1094,goats,7,positive
1095,cancellation,7,positive
1096,flawless,7,positive
1097,aspect,7,positive
1098,shame,7,positive
1099,aspasia,7,positive
1100,kosta,7,positive
1101,fan,7,positive
1102,kostis,7,positive
1103,unless,7,positive
1104,fancy,7,positive
1105,panorama,7,positive
1106,thomais,7,positive
1107,locationbrgreat,7,positive
1108,despite,7,positive
1109,search,7,positive
1110,tastefully,7,positive
1111,nest,7,positive
1112,brilliantly,7,positive
1113,line,7,positive
1114,warmest,7,positive
1115,reasons,7,positive
1116,standards,7,positive
1117,loutro,7,positive
1118,ride,7,positive
1119,anyway,7,positive
1120,effective,7,positive
1121,friendliness,7,positive
1122,goodbye,7,positive
1123,lovingly,7,positive
1124,sister,7,positive
1125,green,7,positive
1126,watching,7,positive
1127,beat,7,positive
1128,crew,7,positive
1129,landscapes,7,positive
1130,roula,7,positive
1131,receive,7,positive
1132,cost,7,positive
1133,fire,7,positive
1134,agreed,7,positive
1135,nor,7,positive
1136,au,7,positive
1137,en,7,positive
1138,runs,6,positive
1139,e,6,positive
1140,playing,6,positive
1141,cares,6,positive
1142,stressful,6,positive
1143,written,6,positive
1144,basket,6,positive
1145,tip,6,positive
1146,vivi,6,positive
1147,b,6,positive
1148,magdalena,6,positive
1149,1000,6,positive
1150,kid,6,positive
1151,items,6,positive
1152,marie,6,positive
1153,girls,6,positive
1154,antonia,6,positive
1155,treated,6,positive
1156,locationbrvery,6,positive
1157,strange,6,positive
1158,crowded,6,positive
1159,theo,6,positive
1160,list,6,positive
1161,mistake,6,positive
1162,concerns,6,negative
1163,peacefull,6,positive
1164,adventures,6,positive
1165,hike,6,positive
1166,quaint,6,positive
1167,personnel,6,positive
1168,treasure,6,positive
1169,rare,6,positive
1170,pics,6,positive
1171,visitors,6,positive
1172,l,6,positive
1173,travellers,6,positive
1174,telling,6,positive
1175,improve,6,positive
1176,juice,6,positive
1177,heating,6,positive
1178,opposite,6,positive
1179,involved,6,positive
1180,eastern,6,positive
1181,25,6,positive
1182,ideas,6,positive
1183,grill,6,positive
1184,speaks,6,positive
1185,alternative,6,positive
1186,heike,6,positive
1187,iron,5,positive
1188,hello,5,positive
1189,territory,5,positive
1190,brdimitris,5,positive
1191,comfoing,5,positive
1192,happened,5,positive
1193,eah,5,positive
1194,claudia,5,positive
1195,pointed,5,positive
1196,tourism,5,positive
1197,owned,5,positive
1198,quietness,5,positive
1199,vieuw,5,positive
1200,favorite,5,positive
1201,salad,5,positive
1202,familys,5,positive
1203,grove,5,positive
1204,hostbhank,5,positive
1205,kreta,5,positive
1206,safety,5,positive
1207,hammock,5,positive
1208,lights,5,positive
1209,appear,5,positive
1210,advance,5,positive
1211,neighbor,5,positive
1212,sooo,5,positive
1213,outdoors,5,positive
1214,wasted,5,positive
1215,unsafe,5,positive
1216,towns,5,positive
1217,johns,5,positive
1218,cuisine,5,positive
1219,paly,5,positive
1220,addresses,5,positive
1221,proper,5,positive
1222,confused,5,positive
1223,seating,5,positive
1224,regular,5,positive
1225,equipments,5,positive
1226,valley,5,positive
1227,mix,5,positive
1228,viewbrwe,5,positive
1229,seconds,5,positive
1230,brbest,5,positive
1231,samaria,5,positive
1232,leading,5,positive
1233,ve,5,positive
1234,pass,5,positive
1235,oh,5,positive
1236,plan,5,positive
1237,answering,5,positive
1238,dining,5,positive
1239,brbra,5,positive
1240,normal,5,positive
1241,christinas,5,positive
1242,extended,5,positive
1243,beaten,5,positive
1244,everytime,5,positive
1245,track,5,positive
1246,esther,5,positive
1247,definition,5,positive
1248,form,5,positive
1249,apaman,5,positive
1250,boiler,5,positive
1251,served,5,positive
1252,noises,4,positive
1253,giorgia,4,positive
1254,spoiled,4,positive
1255,nopi,4,positive
1256,peacefully,4,positive
1257,brhost,4,positive
1258,tomatoes,4,positive
1259,cleanness,4,positive
1260,etouri,4,positive
1261,empty,4,positive
1262,towel,4,positive
1263,pastries,4,positive
1264,name,4,positive
1265,brmaria,4,positive
1266,brclose,4,positive
1267,helpfulbrwe,4,positive
1268,charis,4,positive
1269,noh,4,positive
1270,flooded,4,positive
1271,saved,4,positive
1272,classy,4,positive
1273,supply,4,positive
1274,solve,4,positive
1275,phoned,4,positive
1276,anymore,4,positive
1277,emma,4,positive
1278,furnishing,4,positive
1279,estate,4,positive
1280,glorious,4,positive
1281,expressed,4,positive
1282,heavenly,4,positive
1283,altogether,4,positive
1284,mobile,4,positive
1285,arrangements,4,positive
1286,palaiochora,4,positive
1287,driver,4,positive
1288,chilling,4,positive
1289,spili,4,positive
1290,land,4,positive
1291,pm,4,positive
1292,discussion,4,positive
1293,guarantee,4,positive
1294,spider,4,positive
1295,zaros,4,positive
1296,sky,4,positive
1297,solar,4,positive
1298,agree,4,positive
1299,adventure,4,positive
1300,recomand,4,positive
1301,rainy,4,positive
1302,discovering,3,positive
1303,re,3,positive
1304,blocked,3,positive
1305,geat,3,positive
1306,alma,3,positive
1307,moutains,3,positive
1308,january,3,positive
1309,wrote,3,positive
1310,organising,3,positive
1311,characterful,3,positive
1312,unreachable,3,positive
1313,grigoris,3,positive
1314,locationbrhighly,3,positive
1315,melina,3,positive
1316,barely,3,positive
1317,scenic,3,positive
1318,discreet,3,positive
1319,exploration,3,positive
1320,reading,3,positive
1321,m,3,positive
1322,tesa,3,positive
1323,brbrdefinitely,3,positive
1324,joyful,3,positive
1325,mixalis,3,positive
1326,monastery,3,positive
1327,moon,3,positive
1328,carefully,3,positive
1329,mass,3,positive
1330,45,3,positive
1331,brbr,3,positive
1332,elias,3,positive
1333,tour,3,positive
1334,brso,3,positive
1335,zorbas,3,positive
1336,likes,3,positive
1337,maximos,3,positive
1338,concerned,3,positive
1339,5min,3,positive
1340,accused,3,positive
1341,odd,3,positive
1342,beatiful,3,positive
1343,archanes,3,positive
1344,ignored,3,positive
1345,sougia,3,positive
1346,iraklion,3,positive
1347,eden,3,positive
1348,healthy,3,positive
1349,bakeries,3,positive
1350,degree,3,positive
1351,vai,3,positive
1352,cooks,3,positive
1353,hideaway,3,positive
1354,brcommunication,3,positive
1355,cancelled,3,positive
1356,customers,3,positive
1357,ensuring,3,positive
1358,paths,3,positive
1359,brkostas,3,positive
1360,boutique,3,positive
1361,language,3,positive
1362,box,3,positive
1363,events,3,positive
1364,exotic,3,positive
1365,popular,3,positive
1366,yogu,3,positive
1367,confirm,3,positive
1368,haus,3,positive
1369,ten,3,positive
1370,disposal,3,positive
1371,warning,3,positive
1372,spa,3,positive
1373,roulas,3,positive
1374,enteainment,3,positive
1375,keeps,3,positive
1376,olivia,3,positive
1377,manthos,3,positive
1378,plunge,3,positive
1379,sadly,3,positive
1380,connect,2,positive
1381,birds,2,positive
1382,offline,2,positive
1383,imagined,2,positive
1384,taverne,2,positive
1385,margarites,2,positive
1386,eftychia,2,positive
1387,reviewers,2,positive
1388,5mins,2,positive
1389,grigorios,2,positive
1390,leads,2,positive
1391,voula,2,positive
1392,mirela,2,positive
1393,talented,2,positive
1394,performance,2,positive
1395,evelyn,2,positive
1396,aliki,2,positive
1397,1h,2,positive
1398,specialities,2,positive
1399,player,2,positive
1400,eftihis,2,positive
1401,thumbs,2,positive
1402,lovable,2,positive
1403,1830,2,positive
1404,40,2,positive
1405,mountainside,2,positive
1406,approachable,2,positive
1407,unpleasent,2,positive
1408,hire,2,positive
1409,surprising,2,positive
1410,stunningly,2,positive
1411,roumeli,2,positive
1412,soula,2,positive
1413,delicacies,2,positive
1414,unhealthy,2,positive
1415,cramped,2,positive
1416,quintessential,2,positive
1417,followed,2,positive
1418,paleohora,2,positive
1419,phones,2,positive
1420,steal,2,positive
1421,lose,2,positive
1422,un,2,positive
1423,lit,2,positive
1424,inadequate,2,positive
1425,cloudy,2,positive
1426,ago,2,positive
1427,abroad,2,positive
1428,aradena,2,positive
1429,superior,2,positive
1430,explored,2,positive
1431,greta,2,positive
1432,plentiful,2,positive
1433,viewwe,2,positive
1434,straightforward,2,positive
1435,catia,2,positive
1436,oppounities,2,positive
1437,magnificient,2,positive
1438,kostantinos,2,positive
1439,brevas,2,positive
1440,hillside,2,positive
1441,informing,2,positive
1442,massage,2,positive
1443,vasilikis,2,positive
1444,refill,2,positive
1445,diamond,2,positive
1446,undisturbed,2,positive
1447,fellow,2,positive
1448,chrisoulas,2,positive
1449,thinking,2,positive
1450,1st,2,positive
1451,maris,2,positive
1452,mios,2,positive
1453,webs,2,positive
1454,nikki,2,positive
1455,5star,2,positive
1456,palaikastro,2,positive
1457,kiara,2,positive
1458,villabhe,2,positive
1459,mariannas,2,positive
1460,christoss,2,positive
1461,ostria,2,positive
1462,judge,2,positive
1463,puppy,2,positive
1464,amazong,2,positive
1465,tower,2,positive
1466,guaranteed,2,positive
1467,basically,2,positive
1468,locationamazing,2,positive
1469,relatives,2,positive
1470,amazingbrwe,2,positive
1471,acommodation,2,positive
1472,recomanded,2,positive
1473,brbrhope,2,positive
1474,complaints,2,positive
1475,grandmas,2,positive
1476,yanis,2,positive
1477,rectify,2,positive
1478,possibility,2,positive
1479,repeatedly,2,positive
1480,angry,2,positive
1481,gavdos,2,positive
1482,promptly,2,positive
1483,communicates,2,positive
1484,recommandations,2,positive
1485,kriti,2,positive
1486,vineyards,2,positive
1487,loose,2,positive
1488,elos,2,positive
1489,staybhe,2,positive
1490,tremendously,2,positive
1491,instantly,2,positive
1492,unresponsive,2,positive
1493,housebrall,2,positive
1494,compromise,2,positive
1495,translator,2,positive
1496,homecooked,2,positive
1497,thanasis,2,positive
1498,villalocation,2,positive
1499,win,2,positive
1500,st,2,positive
1501,urgent,2,positive
1502,maintenance,2,positive
1503,cleanbrcommunication,2,positive
1504,amazin,2,positive
1505,privileged,2,positive
1506,montains,2,positive
1507,frangokastello,2,positive
1508,botal,2,positive
1509,yards,2,positive
1510,meticulously,2,positive
1511,barrier,2,positive
1512,distress,1,positive
1513,vangoss,1,positive
1514,straightaway,1,positive
1515,daytrips,1,positive
1516,dynamic,1,positive
1517,amazingbrbr,1,positive
1518,myos,1,positive
1519,occupied,1,positive
1520,childrenbrgeorgios,1,positive
1521,theos,1,positive
1522,2000,1,positive
1523,homegrow,1,positive
1524,1800,1,positive
1525,unofficially,1,positive
1526,responsibility,1,positive
1527,bbqs,1,positive
1528,alikianosbhe,1,positive
1529,moira,1,positive
1530,giogos,1,positive
1531,hikes,1,positive
1532,comfotable,1,positive
1533,welcomingbhe,1,positive
1534,bralthough,1,positive
1535,perfectbrbook,1,positive
1536,penalizing,1,positive
1537,untidybhe,1,positive
1538,overlooked,1,positive
1539,cosyclean,1,positive
1540,unwashed,1,positive
1541,ship,1,positive
1542,adv,1,positive
1543,charoupia,1,positive
1544,dishesglassesbrdiy,1,positive
1545,bays,1,positive
1546,ils,1,positive
1547,ahmet,1,positive
1548,locationbotally,1,positive
1549,mone,1,positive
1550,fields,1,positive
1551,pastitsio,1,positive
1552,loanis,1,positive
1553,"hostbrappament",1,positive
1554,witha,1,positive
1555,agency,1,positive
1556,slightely,1,positive
1557,20302100,1,positive
1558,roomsbreverything,1,positive
1559,hotelbhe,1,positive
1560,2015,1,positive
1561,3045,1,positive
1562,2100,1,positive
1563,neededbhanks,1,positive
1564,polykarpus,1,positive
1565,polykerpos,1,positive
1566,beautifu,1,positive
1567,2200,1,positive
1568,insurmountable,1,positive
1569,wellness,1,positive
1570,morpheas,1,positive
1571,nephew,1,positive
1572,toestmachine,1,positive
1573,lentas,1,positive
1574,gavdosbrvery,1,positive
1575,proceed,1,positive
1576,placekind,1,positive
1577,holidayday,1,positive
1578,suv,1,positive
1579,bhxbrjordan,1,positive
1580,stuf,1,positive
1581,fruts,1,positive
1582,drainage,1,positive
1583,test,1,positive
1584,flowing,1,positive
1585,graciousness,1,positive
1586,skilled,1,positive
1587,drainagebrwifi,1,positive
1588,goodnatured,1,positive
1589,prekrany,1,positive
1590,hospitalitybhe,1,positive
1591,interruptions,1,positive
1592,interruption,1,positive
1593,establishment,1,positive
1594,koutelos,1,positive
1595,wobderful,1,positive
1596,linebrneveheless,1,positive
1597,reassured,1,positive
1598,creatan,1,positive
1599,practicle,1,positive
1600,chances,1,positive
1601,nerves,1,positive
1602,wise,1,positive
1603,agsin,1,positive
1604,pela,1,positive
1605,upgrade,1,positive
1606,numbers,1,positive
1607,placelovely,1,positive
1608,descriptionkonstantinos,1,positive
1609,commutation,1,positive
1610,sarakinas,1,positive
1611,us1010,1,positive
1612,friendlybreasy,1,positive
1613,consolas,1,positive
1614,charlotte,1,positive
1615,brviews,1,positive
1616,hut,1,positive
1617,disinfected,1,positive
1618,anatoli,1,positive
1619,alfonisi,1,positive
1620,giapitzaki,1,positive
1621,disparaging,1,positive
1622,foodbrperfect,1,positive
1623,snail,1,positive
1624,environmentnature,1,positive
1625,restoration,1,positive
1626,rise,1,positive
1627,extrassuper,1,positive
1628,cab,1,positive
1629,midstay,1,positive
1630,replacement,1,positive
1631,aposelemi,1,positive
1632,dam,1,positive
1633,1500,1,positive
1634,moka,1,positive
1635,troglodyte,1,positive
1636,kanevos,1,positive
1637,amazingbhe,1,positive
1638,measures,1,positive
1639,sarakiniko,1,positive
1640,peoplebrbri,1,positive
1641,staybrfantastic,1,positive
1642,dringend,1,positive
1643,areabrabsolutely,1,positive
1644,welcomebran,1,positive
1645,fond,1,positive
1646,brcrete,1,positive
1647,nike,1,positive
1648,itthank,1,positive
1649,tesabrbrkiki,1,positive
1650,stratoss,1,positive
1651,freindly,1,positive
1652,800,1,positive
1653,ancestral,1,positive
1654,beachbrbrclean,1,positive
1655,amazingingly,1,positive
1656,wrecked,1,positive
1657,intire,1,positive
1658,brbrword,1,positive
1659,childrenbrstravros,1,positive
1660,3rd,1,positive
1661,thymes,1,positive
1662,gianis,1,positive
1663,enchanted,1,positive
1664,littles,1,positive
1665,platanus,1,positive
1666,cutes,1,positive
1667,metting,1,positive
1668,cheery,1,positive
1669,wonderyl,1,positive
1670,gianiss,1,positive
1671,kalliopis,1,positive
1672,shy,1,positive
1673,nicepretty,1,positive
1674,convenientlocation,1,positive
1675,vito,1,positive
1676,hammocks,1,positive
1677,tradidional,1,positive
1678,compassionate,1,positive
1679,enthousiaster,1,positive
1680,outings,1,positive
1681,houes,1,positive
1682,brnothing,1,positive
1683,ioanniss,1,positive
1684,hollyday,1,positive
1685,bathroombri,1,positive
1686,biiiig,1,positive
1687,houseperfect,1,positive
1688,gregory,1,positive
1689,aristides,1,positive
1690,milios,1,positive
1691,singer,1,positive
1692,coupled,1,positive
1693,anfitrin,1,positive
1694,ownerbhanks,1,positive
1695,ppeople,1,positive
1696,awe,1,positive
1697,alsoand,1,positive
1698,tolerance,1,positive
1699,sandstone,1,positive
1700,luxery,1,positive
1701,fantasticbhe,1,positive
1702,warmely,1,positive
1703,waterbrcalm,1,positive
1704,tawern,1,positive
1705,fisherhouse,1,positive
1706,easly,1,positive
1707,tzenis,1,positive
1708,unspoilt,1,positive
1709,hotes,1,positive
1710,etno,1,positive
1711,raccomanded,1,positive
1712,brbrjust,1,positive
1713,tavernasbrits,1,positive
1714,minuts,1,positive
1715,cleanbrin,1,positive
1716,roustika,1,positive
1717,extends,1,positive
1718,housegarden,1,positive
1719,motains,1,positive
1720,wallbrstrong,1,positive
1721,berry,1,positive
1722,scrabble,1,positive
1723,glimpse,1,positive
1724,saison,1,positive
1725,stomio,1,positive
1726,monetary,1,positive
1727,pricy,1,positive
1728,equippedbra,1,positive
1729,cozybrwill,1,positive
1730,timebhank,1,positive
1731,eyesopening,1,positive
1732,stayvisit,1,positive
1733,intriguing,1,positive
1734,monica,1,positive
1735,jani,1,positive
1736,gialites,1,positive
1737,harri,1,positive
1738,juergen,1,positive
1739,kerstin,1,positive
1740,overwhelmed,1,positive
1741,katoi,1,positive
1742,amazinf,1,positive
1743,attentionsbrwe,1,positive
1744,asy,1,positive
1745,brbreakfast,1,positive
1746,attraction,1,positive
1747,dips,1,positive
1748,suits,1,positive
1749,library,1,positive
1750,placequietclean,1,positive
1751,westcrete,1,positive
1752,musaka,1,positive
1753,goodbrwelcome,1,positive
1754,windowbrfood,1,positive
1755,plugged,1,positive
1756,712,1,positive
1757,bathbrin,1,positive
1758,bicycle,1,positive
1759,cycle,1,positive
1760,fairy,1,positive
1761,tale,1,positive
1762,recommendbrbhank,1,positive
1763,wich,1,positive
1764,lighning,1,positive
1765,blindes,1,positive
1766,ses,1,positive
1767,szimming,1,positive
1768,roomsapamenr,1,positive
1769,enthousiasm,1,positive
1770,h,1,positive
1771,backbhanks,1,positive
1772,vivis,1,positive
1773,xrysoula,1,positive
1774,catered,1,positive
1775,honour,1,positive
1776,villagereally,1,positive
1777,adventurers,1,positive
1778,sweetness,1,positive
1779,breirini,1,positive
1780,uncontrollable,1,positive
1781,bousoki,1,positive
1782,musicians,1,positive
1783,waffles,1,positive
1784,robins,1,positive
1785,robin,1,positive
1786,susan,1,positive
1787,maximoss,1,positive
1788,terraceview,1,positive
1789,faced,1,positive
1790,mails,1,positive
1791,amicable,1,positive
1792,balconyterrace,1,positive
1793,"placebrshe",1,positive
1794,adveising,1,positive
1795,incharge,1,positive
1796,"babybrsecond",1,positive
1797,malerisches,1,positive
1798,placestunning,1,positive
1799,seli,1,positive
1800,routes,1,positive
1801,"itbrit",1,positive
1802,mountainsbrvery,1,positive
1803,therebrattentive,1,positive
1804,hostsbrbr1010,1,positive
1805,glamourous,1,positive
1806,outrageously,1,positive
1807,homebhanks,1,positive
1808,hostessbhis,1,positive
1809,beachdoesnt,1,positive
1810,holidayexcellent,1,positive
1811,housekeeperi,1,positive
1812,loutros,1,positive
1813,kefali,1,positive
1814,melos,1,positive
1815,freezing,1,positive
1816,januarybo,1,positive
1817,rodhanti,1,positive
1818,today,1,positive
1819,islandbo,1,positive
1820,burnt,1,positive
1821,shockingly,1,positive
1822,cinema,1,positive
1823,encouraged,1,positive
1824,affection,1,positive
1825,chosen,1,positive
1826,straw,1,positive
1827,kiriaki,1,positive
1828,formal,1,positive
1829,verbal,1,positive
1830,samarias,1,positive
1831,attack,1,positive
1832,andeas,1,positive
1833,untrue,1,positive
1834,dissatisfaction,1,positive
1835,unsuitable,1,positive
1836,hosthe,1,positive
1837,selakano,1,positive
1838,streetbr,1,positive
1839,southeastern,1,positive
1840,withbhe,1,positive
1841,santa,1,positive
1842,tavernss,1,positive
1843,notos,1,positive
1844,odysseass,1,positive
1845,odysseas,1,positive
1846,voulismabrwill,1,positive
1847,mira,1,positive
1848,branatoli,1,positive
1849,thinks,1,positive
1850,sculls,1,positive
1851,f,1,positive
1852,unreliable,1,positive
1853,liana,1,positive
1854,damvolos,1,positive
1855,brdimosthenis,1,positive
1856,ellafos,1,positive
1857,andd,1,positive
1858,tris,1,positive
1859,ekklisies,1,positive
1860,"relaxingbrbr",1,positive
1861,cleanwell,1,positive
1862,architects,1,positive
1863,scout,1,positive
1864,equipedin,1,positive
1865,villagehighly,1,positive
1866,isabella,1,positive
1867,hoyse,1,positive
1868,nontouristy,1,positive
1869,aleki,1,positive
1870,placequiet,1,positive
1871,chrysosskalitissa,1,positive
1872,mahas,1,positive
1873,eftychias,1,positive
1874,bebrsuch,1,positive
1875,gardening,1,positive
1876,humanity,1,positive
1877,everybodyhere,1,positive
1878,equippedeleni,1,positive
1879,mountainsthe,1,positive
1880,longbhe,1,positive
1881,battery,1,positive
1882,blown,1,positive
1883,stock,1,positive
1884,peacefulclean,1,positive
1885,friendlyalways,1,positive
1886,christophe,1,positive
1887,recommendedbrsandra,1,positive
1888,espevially,1,positive
1889,beatutuful,1,positive
1890,mandatory,1,positive
1891,tsoutsouros,1,positive
1892,anotheime,1,positive
1893,hospetality,1,positive
1894,catias,1,positive
1895,spendid,1,positive
1896,dorade,1,positive
1897,bbqand,1,positive
1898,mountainview,1,positive
1899,janna,1,positive
1900,hideout,1,positive
1901,tracking,1,positive
1902,botanic,1,positive
1903,hostseverything,1,positive
